Lithium,,,,,,,,,,,,,,,,,,,,,,,,,,,,,,,,,,,,,,,,,,,,,,,
,GTH-cc-pVTZ,,,,,,,,,,,,,,,,,,,,,,,,,,,,,,,,,,,,,,,,,,,,,,
,kgrid (Ecorr),(3*3*3),,,(4*4*4),,,(5*5*5),,,TDL,,,(5*5*5),,,,,,,,,,,,,,,,,,,,,,,,,,,,,,,,,
,Li bcc E / Lat const (ang),HF,MP2,dRPA,HF,MP2,dRPA,HF,MP2,dRPA,HF,MP2,dRPA,kappa-MP2 (k = 0.7),kappa-MP2 (k = 1.1),kappa-MP2 (k = 1.45),kappa-MP2 (k = 2.00),kappa-MP2 (k = 2.50),sigma-MP2 (s = 0.7),sigma-MP2 (s = 1.0),sigma-MP2 (s = 1.3),BW-s2 (alpha = 0.5),BW-s2 (alpha = 1),BW-s2 (alpha = 1.5),BW-s2 (alpha = 2),BW-s2 (alpha = 3),,,,,,,,,,,,,,,,,,,,,
,3.30,-14.88137361,-0.124285117,-0.176422609,-14.85699004,-0.15391917,-0.18666009,-14.85580682,-0.16242367,-0.18880861,-14.85456541,-0.1713464241,-0.1910627949,-0.08367050,-0.09563667,-0.10465002,-0.11644087,-0.12499976,-0.10341368,-0.11325824,-0.12094915,-0.14776694,-0.13963014,-0.1339935614,-0.12957555,-0.12330069,,,,,,,,,,,,,,,,,,,,,
,3.35,-14.88271508,-0.123435768,-0.175588940,-14.85875050,-0.15263998,-0.18568571,-14.85754100,-0.16103547,-0.18780813,-14.85627202,-0.169843853,-0.1900349313,-0.08283029,-0.09450104,-0.10333986,-0.11495895,-0.12343194,-0.10228317,-0.11196496,-0.11955352,-0.14652926,-0.13841896,-0.1329057732,-0.12864423,-0.12223754,,,,,,,,,,,,,,,,,,,,,
,3.40,-14.88373250,-0.122618763,-0.174783265,-14.86017548,-0.15141017,-0.18474431,-14.85894203,-0.15969949,-0.18684110,-14.85764792,-0.1683964815,-0.1890410108,-0.08203113,-0.09341438,-0.10208182,-0.11353081,-0.12191789,-0.10119919,-0.11072177,-0.11820960,-0.14533680,-0.13739830,-0.1318573576,-0.12764294,-0.12139567,,,,,,,,,,,,,,,,,,,,,
,3.45,-14.88445600,-0.121832835,-0.1740052956,-14.86129546,-0.15022556,-0.18383414,-14.86004021,-0.15841296,-0.18590663,-14.85872323,-0.167003019,-0.1880810457,-0.08127097,-0.09237447,-0.10087364,-0.11215421,-0.12045533,-0.10015953,-0.10952636,-0.11691504,-0.14418491,-0.13630313,-0.1308464012,-0.12667104,-0.12051943,,,,,,,,,,,,,,,,,,,,,
,3.50,-14.88491286,-0.121076534,-0.173253722,-14.86213807,-0.14908501,-0.18295467,-14.86086299,-0.15717315,-0.18500314,-14.85952520,-0.1656590674,-0.1871523544,-0.08054770,-0.09137896,-0.09971292,-0.11082673,-0.11904189,-0.09916192,-0.10837633,-0.11566740,-0.14307605,-0.13527207,-0.12987099,-0.12573943,-0.11967993,,,,,,,,,,,,,,,,,,,,,
,3.55,-14.88512778,-0.120347869,-0.1725267519,-14.86272837,-0.14798507,-0.18210328,-14.86143528,-0.15597700,-0.18412826,-14.86007860,-0.1643619757,-0.1862528292,-0.07985878,-0.09042514,-0.09859693,-0.10954569,-0.11767489,-0.09820370,-0.10726897,-0.11446391,-0.14200520,-0.13427947,-0.128928784,-0.12481097,-0.11892752,,,,,,,,,,,,,,,,,,,,,
,3.60,-14.88512322,-0.119644492,-0.1718226929,-14.86308917,-0.14692315,-0.18127842,-14.86177974,-0.15482175,-0.18328064,-14.86040591,-0.1631088057,-0.1853813298,-0.07920220,-0.08951074,-0.09752331,-0.10830867,-0.11635189,-0.09728264,-0.10620188,-0.11330214,-0.14097005,-0.13331643,-0.1280178335,-0.12397486,-0.11798526,,,,,,,,,,,,,,,,,,,,,
,Li Ghost (molecular) E / Lat const (ang),HF,MP2,dRPA,kappa-MP2 (k = 0.7),kappa-MP2 (k = 1.1),kappa-MP2 (k = 1.45),kappa-MP2 (k = 2.00),kappa-MP2 (k = 2.50),sigma-MP2 (s = 0.7),sigma-MP2 (s = 1.0),sigma-MP2 (s = 1.3),BW-s2 (alpha = 0.5),BW-s2 (alpha = 1),BW-s2 (alpha = 1.5),BW-s2 (alpha = 2),BW-s2 (alpha = 3),,,,,,,,,,,,,,,,,,,,,,,,,,,,,,
,3.30,-7.4070780,-0.0322904,-0.0686093,-0.03210483,-0.03225896,-0.03228216,-0.03228924,-0.0322902085,-0.03219514,-0.03226641,-0.03228317,-0.0322173,-0.03214495,-0.03207329,-0.03200233,-0.03186245,,,,,,,,,,,,,,,,,,,,,,,,,,,,,,
,3.35,-7.4070728,-0.0322894,-0.0685984,-0.03210378,-0.03225793,-0.03228114,-0.03228822,-0.0322891878,-0.03219410,-0.03226539,-0.03228215,-0.0322163,-0.03214395,-0.03207230,-0.03200134,-0.03186148,,,,,,,,,,,,,,,,,,,,,,,,,,,,,,
,3.40,-7.4070709,-0.0322885,-0.0685883,-0.03210276,-0.03225695,-0.03228018,-0.03228726,-0.0322882303,-0.03219311,-0.03226441,-0.03228118,-0.0322154,-0.03214301,-0.03207136,-0.03200042,-0.03186057,,,,,,,,,,,,,,,,,,,,,,,,,,,,,,
,3.45,-7.4070719,-0.0322874,-0.0685784,-0.03210159,-0.03225584,-0.03227908,-0.03228617,-0.0322871419,-0.03219198,-0.03226331,-0.03228009,-0.0322143,-0.03214194,-0.03207030,-0.03199937,-0.03185954,,,,,,,,,,,,,,,,,,,,,,,,,,,,,,
,3.50,-7.4070753,-0.0322860,-0.0685684,-0.03210016,-0.03225447,-0.03227774,-0.03228483,-0.0322858017,-0.03219059,-0.03226195,-0.03227874,-0.0322130,-0.03214062,-0.03206900,-0.03199807,-0.03185826,,,,,,,,,,,,,,,,,,,,,,,,,,,,,,
,3.55,-7.4070803,-0.0322844,-0.0685578,-0.03209842,-0.03225277,-0.03227606,-0.03228316,-0.0322841325,-0.03218889,-0.03226026,-0.03227707,-0.0322113,-0.03213898,-0.03206736,-0.03199645,-0.03185667,,,,,,,,,,,,,,,,,,,,,,,,,,,,,,
,3.60,-7.4070866,-0.0322823,-0.0685464,-0.03209633,-0.03225070,-0.03227400,-0.03228110,-0.0322820724,-0.03218681,-0.03225818,-0.03227501,-0.0322093,-0.03213695,-0.03206535,-0.03199445,-0.03185470,,,,,,,,,,,,,,,,,,,,,,,,,,,,,,
,Ecoh (eV) / Lat const (ang),HF,MP2,dRPA,HF,MP2,dRPA,HF,MP2,dRPA,HF,MP2,dRPA,kappa-MP2 (k = 0.7),kappa-MP2 (k = 1.1),kappa-MP2 (k = 1.45),kappa-MP2 (k = 2.00),kappa-MP2 (k = 2.50),sigma-MP2 (s = 0.7),sigma-MP2 (s = 1.0),sigma-MP2 (s = 1.3),BW-s2 (alpha = 1),BW-s2 (alpha = 2),BW-s2 (alpha = 3),BW-s2 (alpha = 4),BW-s2 (alpha = 6),,,,,,,,,,,,,,,,,,,,,
,3.30,-0.91454359,-1.72686163,-1.44794133,-0.58278813,-1.79829815,-1.25547394,-0.56668953,-1.89790920,-1.26860743,-0.54979931,-2.00241928,-1.28238699,-0.83146786,-0.99008188,-1.11208337,-1.27231356,-1.38873687,-1.09763023,-1.22963283,-1.33381696,-1.70048342,-1.59174602,-1.51700645,-1.45882728,-1.37725962,,,,,,,,,,,,,,,,,,,,,
,3.35,-0.93293651,-1.73372633,-1.45528708,-0.60688176,-1.80501527,-1.26660594,-0.59042564,-1.90278559,-1.27902678,-0.57316023,-2.00536444,-1.29205860,-0.84380088,-0.99839497,-1.11802171,-1.27591488,-1.39116950,-1.10601312,-1.23580097,-1.33859247,-1.70740756,-1.59903047,-1.52596953,-1.46991900,-1.38655726,,,,,,,,,,,,,,,,,,,,,
,3.40,-0.94682976,-1.73652972,-1.45849473,-0.62632011,-1.80774726,-1.27351206,-0.60953816,-1.90374730,-1.28525845,-0.59193084,-2.00446861,-1.29758239,-0.85206807,-1.00274935,-1.12004390,-1.27562272,-1.38970832,-1.11040429,-1.23802545,-1.33944624,-1.71032166,-1.60428182,-1.53084300,-1.47543342,-1.39424028,,,,,,,,,,,,,,,,,,,,,
,3.45,-0.95664564,-1.73568211,-1.45799486,-0.64153032,-1.80686963,-1.27660783,-0.62445174,-1.90118635,-1.28772692,-0.60653326,-2.00014161,-1.29939288,-0.85667102,-1.00354455,-1.11854912,-1.27183623,-1.38475240,-1.11120341,-1.23670476,-1.33677619,-1.70959233,-1.60432395,-1.53203066,-1.47715223,-1.39726013,,,,,,,,,,,,,,,,,,,,,
,3.50,-0.96277061,-1.73155354,-1.45416694,-0.65290367,-1.80276147,-1.27628817,-0.63555534,-1.89545787,-1.28681071,-0.61735379,-1.99271322,-1.29785073,-0.85797277,-1.00114071,-1.11389690,-1.26491509,-1.37666163,-1.10877148,-1.23219846,-1.33094135,-1.70564528,-1.60143512,-1.52989872,-1.47561594,-1.39697647,,,,,,,,,,,,,,,,,,,,,
,3.55,-0.96555673,-1.72447109,-1.44734903,-0.66079710,-1.79573486,-1.27288475,-0.64320373,-1.88687733,-1.28284269,-0.62474506,-1.98250206,-1.29329023,-0.85629520,-0.99585789,-1.10640710,-1.25517946,-1.36575640,-1.10342907,-1.22482625,-1.32226105,-1.69876906,-1.59562320,-1.52477206,-1.47067597,-1.39443115,,,,,,,,,,,,,,,,,,,,,
,3.60,-0.96532417,-1.71472464,-1.43784872,-0.66553562,-1.78608128,-1.26671193,-0.64771990,-1.87573155,-1.27613788,-0.62902798,-1.96979078,-1.28602724,-0.85193522,-0.98798957,-1.09637208,-1.24292114,-1.35232835,-1.09547023,-1.21488034,-1.31102667,-1.68925693,-1.58709175,-1.51694892,-1.46387068,-1.38618082,,,,,,,,,,,,,,,,,,,,,
,GTH-cc-pVQZ,,,,,,,,,,,,,,,,,,,,,,,,,,,,,,,,,,,,,,,,,,,,,,
,kgrid (Ecorr),(3*3*3),,,(4*4*4),,,(5*5*5),,,TDL,,,(4*4*4),,,,,,,,,(5*5*5),,,,,,,,,,,,,,,,,,,,,,,,
,Li bcc E / Lat const (ang),HF,MP2,dRPA,HF,MP2,dRPA,HF,MP2,dRPA,HF,MP2,dRPA,kappa-MP2 (k = 0.7),kappa-MP2 (k = 1.1),kappa-MP2 (k = 1.45),kappa-MP2 (k = 2.00),kappa-MP2 (k = 2.50),sigma-MP2 (s = 0.7),sigma-MP2 (s = 1.0),sigma-MP2 (s = 1.3),BW-s2 (alpha = 0.5),kappa-MP2 (k = 0.7),kappa-MP2 (k = 1.1),kappa-MP2 (k = 1.45),kappa-MP2 (k = 2.00),kappa-MP2 (k = 2.50),sigma-MP2 (s = 0.7),sigma-MP2 (s = 1.0),sigma-MP2 (s = 1.3),BW-s2 (alpha = 0.5),,,,,,,,,,,,,,,,
,3.30,,,,-14.85716671,-0.15791077,-0.19370286,-14.85597976,-0.16640984,-0.19583960,-14.85473444,-0.175326897,-0.1980814256,-0.08725569,-0.09895351,-0.10759386,-0.11869002,-0.12657908,-0.10573054,-0.11501678,-0.12216919,-0.14637939,-0.08752611,-0.09958042,-0.10861425,-0.12041529,-0.12897777,-0.10732772,-0.1172141,-0.12491913,-0.15161375,,,,,,,,,,,,,,,,
,3.35,-14.88290197,-0.118148819,-0.178586677,-14.85893575,-0.15666941,-0.19279957,-14.85772284,-0.16505667,-0.19491090,-14.85645028,-0.1738564182,-0.1971260659,-0.08645633,-0.09788049,-0.10636364,-0.11731273,-0.12513521,-0.10467736,-0.11381895,-0.12088328,-0.14524455,-0.08671427,-0.09847902,-0.10734029,-0.11897044,-0.12744707,-0.10622948,-0.1159557,-0.12355948,-0.15040925,,,,,,,,,,,,,,,,
,3.40,-14.88391439,-0.117509583,-0.177887179,-14.86035582,-0.15543754,-0.19187023,-14.85912214,-0.16372035,-0.19395826,-14.85782779,-0.1724105113,-0.19614898,-0.08566299,-0.09681878,-0.1051469,-0.11594954,-0.12370468,-0.1036332,-0.11263216,-0.11960926,-0.1441221,-0.08590788,-0.0973894,-0.10608109,-0.11754214,-0.12593305,-0.10514152,-0.11471053,-0.12221463,-0.14921707,,,,,,,,,,,,,,,,
,3.45,-14.88463259,-0.116894152,-0.1772109378,-14.86146755,-0.15425169,-0.19097104,-14.86021302,-0.16243228,-0.19303472,-14.85889679,-0.1710151941,-0.1951998925,-0.08490732,-0.09580167,-0.10397731,-0.11463446,-0.12232179,-0.10263107,-0.11149034,-0.11838143,-0.14304035,-0.08513927,-0.09634515,-0.10487043,-0.11616411,-0.12446931,-0.10409664,-0.11351184,-0.12091786,-0.14806433,,,,,,,,,,,,,,,,
,3.50,-14.88508398,-0.116301050,-0.1765566464,-14.86230197,-0.15310936,-0.19010140,-14.86102843,-0.16119093,-0.19214133,-14.85969226,-0.1696699543,-0.1942815844,-0.08418756,-0.09482723,-0.10285292,-0.11336554,-0.12098456,-0.10166906,-0.11039149,-0.11719775,-0.14199725,-0.08440734,-0.09534506,-0.10370705,-0.11483513,-0.12305463,-0.10309366,-0.11235838,-0.11966789,-0.14695689,,,,,,,,,,,,,,,,
,3.55,-14.88529333,-0.115728986,-0.1759231426,-14.86288428,-0.15200796,-0.18925977,-14.86159341,-0.15999361,-0.19127663,-14.86023905,-0.1683719969,-0.1933926798,-0.08350162,-0.09389317,-0.1017714,-0.11214049,-0.11969073,-0.10074495,-0.10933328,-0.11605587,-0.14099054,-0.08371002,-0.09438684,-0.10258861,-0.11355286,-0.12168671,-0.10213033,-0.11124783,-0.11846235,-0.14588543,,,,,,,,,,,,,,,,
,3.60,-14.88528314,-0.115176646,-0.1753092389,-14.86323738,-0.15094525,-0.18844470,-14.86193070,-0.15883771,-0.19043896,-14.86055976,-0.1671183238,-0.1925312984,-0.0828476,-0.09299744,-0.10073071,-0.11095731,-0.11843834,-0.09985677,-0.10831369,-0.11495373,-0.14001828,-0.0830453,-0.09346823,-0.10151282,-0.11231499,-0.12036323,-0.10120449,-0.11017787,-0.11729888,-0.1448501,,,,,,,,,,,,,,,,
,Li Ghost (molecular) E / Lat const (ang),HF,MP2,dRPA,kappa-MP2 (k = 0.7),kappa-MP2 (k = 1.1),kappa-MP2 (k = 1.45),kappa-MP2 (k = 2.00),kappa-MP2 (k = 2.50),sigma-MP2 (s = 0.7),sigma-MP2 (s = 1.0),sigma-MP2 (s = 1.3),BW-s2 (alpha = 0.5),,,,,,,,,,,,,,,,,,,,,,,,,,,,,,,,,,
,3.30,-7.40718851,-0.03388039,-0.07171085,-0.03369,-0.0338487,-0.03387208,-0.03387919,-0.03388017,-0.03378269,-0.03385617,-0.03387309,-0.03379939,,,,,,,,,,,,,,,,,,,,,,,,,,,,,,,,,,
,3.35,-7.40717790,-0.03387771,-0.07169847,-0.03368759,-0.03384606,-0.0338694,-0.03387651,-0.03387748,-0.03378014,-0.03385352,-0.03387041,-0.03379672,,,,,,,,,,,,,,,,,,,,,,,,,,,,,,,,,,
,3.40,-7.40716696,-0.03387557,-0.07168690,-0.03368571,-0.03384398,-0.03386728,-0.03387437,-0.03387535,-0.03377814,-0.03385142,-0.03386829,-0.03379460,,,,,,,,,,,,,,,,,,,,,,,,,,,,,,,,,,
,3.45,-7.40715666,-0.03387398,-0.07167618,-0.03368437,-0.03384243,-0.03386569,-0.03387278,-0.03387375,-0.03377667,-0.03384987,-0.0338667,-0.03379301,,,,,,,,,,,,,,,,,,,,,,,,,,,,,,,,,,
,3.50,-7.40714783,-0.03387281,-0.07166618,-0.03368343,-0.0338413,-0.03386454,-0.03387161,-0.03387259,-0.03377562,-0.03384873,-0.03386554,-0.03379185,,,,,,,,,,,,,,,,,,,,,,,,,,,,,,,,,,
,3.55,-7.40714100,-0.03387191,-0.07165669,-0.03368271,-0.03384042,-0.03386364,-0.03387071,-0.03387168,-0.03377481,-0.03384785,-0.03386464,-0.03379096,,,,,,,,,,,,,,,,,,,,,,,,,,,,,,,,,,
,3.60,-7.40713634,-0.03387110,-0.07164747,-0.03368204,-0.03383963,-0.03386283,-0.0338699,-0.03387088,-0.03377408,-0.03384706,-0.03386384,-0.03379016,,,,,,,,,,,,,,,,,,,TDL / CBS,,,,,,,,,,,,,,,
,Ecoh (eV) / Lat const (ang),HF,MP2,dRPA,HF,MP2,dRPA,HF,MP2,dRPA,HF,MP2,dRPA,kappa-MP2 (k = 0.7),kappa-MP2 (k = 1.1),kappa-MP2 (k = 1.45),kappa-MP2 (k = 2.00),kappa-MP2 (k = 2.50),sigma-MP2 (s = 0.7),sigma-MP2 (s = 1.0),sigma-MP2 (s = 1.3),BW-s2 (alpha = 0.5),kappa-MP2 (k = 0.7),kappa-MP2 (k = 1.1),kappa-MP2 (k = 1.45),kappa-MP2 (k = 2.00),kappa-MP2 (k = 2.50),sigma-MP2 (s = 0.7),sigma-MP2 (s = 1.0),sigma-MP2 (s = 1.3),BW-s2 (alpha = 0.5),HF,MP2,dRPA,kappa-MP2 (k = 0.7),kappa-MP2 (k = 1.1),kappa-MP2 (k = 1.45),kappa-MP2 (k = 2.00),kappa-MP2 (k = 2.50),sigma-MP2 (s = 0.7),sigma-MP2 (s = 1.0),sigma-MP2 (s = 1.3),BW-s2 (alpha = 0.5),BW-s2 (alpha = 1),BW-s2 (alpha = 1.5),BW-s2 (alpha = 2),BW-s2 (alpha = 3)
,3.30,,,,-0.58218351,-1.80873696,-1.26629388,-0.56603428,-1.9082235,-1.27921646,-0.54909078,-2.01260279,-1.29277458,-0.85260622,-1.00744482,-1.12436659,-1.27514409,-1.38245356,-1.1014472,-1.22579349,-1.32264667,-1.65404862,-0.84013618,-0.99982507,-1.1221005,-1.28246824,-1.39894019,-1.10702881,-1.23954038,-1.34391223,-1.72526576,-0.5488974351,-2.020034,-1.300354713,-0.83337841,-0.99894051,-1.12703268,-1.2975629,-1.42368327,-1.11974316,-1.26119307,-1.37359047,-1.76526019,-1.65652279,-1.58178322,-1.52360405,-1.44203639
,3.35,-0.93261847,-1.61825591,-1.4113993,-0.60654135,-1.81627829,-1.27869851,-0.59003885,-1.91389035,-1.29092216,-0.57272473,-2.01630295,-1.30374689,-0.86615385,-1.01727517,-1.13205919,-1.28083591,-1.3872396,-1.11154514,-1.23392602,-1.32958158,-1.66303888,-0.85316078,-1.00891604,-1.12884469,-1.28688775,-1.40219168,-1.11616027,-1.24649556,-1.34949062,-1.73330828,-0.57260589,-2.024285106,-1.312276183,-0.84635892,-1.00782338,-1.13336996,-1.30124437,-1.42592214,-1.12840711,-1.26748733,-1.3783315,-1.77218433,-1.66380724,-1.5907463,-1.53469577,-1.45133403
,3.40,-0.94669073,-1.62368902,-1.41626927,-0.62616003,-1.81919467,-1.28598774,-0.60937489,-1.91510288,-1.29761166,-0.59176433,-2.01572809,-1.30980743,-0.87502954,-1.02250528,-1.13518106,-1.28196546,-1.38745311,-1.11701167,-1.23745462,-1.33192409,-1.66744363,-0.86157629,-1.01348373,-1.13110627,-1.28684883,-1.40098653,-1.12074834,-1.24894716,-1.35058686,-1.73676429,-0.5917188925,-2.023944467,-1.318728405,-0.85439991,-1.01185192,-1.13490364,-1.30016438,-1.42341556,-1.13221713,-1.26897493,-1.37829714,-1.77509843,-1.66905859,-1.59561977,-1.54021019,-1.45901705
,3.45,-0.95674281,-1.62541112,-1.41741247,-0.64156622,-1.81850992,-1.28945168,-0.6244974,-1.91274375,-1.30046062,-0.60658925,-2.01161212,-1.3120112,-0.88019094,-1.02411511,-1.13471728,-1.27952248,-1.38408742,-1.11882309,-1.23736797,-1.33066795,-1.6681751,-0.86627787,-1.01444071,-1.12979998,-1.28326568,-1.39623718,-1.12169447,-1.24780308,-1.34810906,-1.73652979,-0.6066045287,-2.019982492,-1.321219163,-0.85869122,-1.01224184,-1.13285106,-1.29553337,-1.41736528,-1.13236266,-1.26685029,-1.3746779,-1.7743691,-1.66910072,-1.59680743,-1.541929,-1.4620369
,3.50,-0.96312441,-1.62375492,-1.41516407,-0.65315926,-1.81459247,-1.28948475,-0.6358319,-1.9072205,-1.29991204,-0.61765235,-2.00440405,-1.31085216,-0.88201679,-1.0224809,-1.13104378,-1.27388276,-1.37751827,-1.11735598,-1.23404127,-1.32618771,-1.6656075,-0.86767961,-1.01219897,-1.12533738,-1.27655014,-1.38835575,-1.11941127,-1.24347493,-1.34246839,-1.73308682,-0.6177338216,-2.012935196,-1.32033969,-0.85972078,-1.00948085,-1.12769889,-1.28783919,-1.40825959,-1.12933184,-1.26160113,-1.36796123,-1.77042205,-1.66621189,-1.59467549,-1.54039271,-1.46175324
,3.55,-0.96615867,-1.61903046,-1.40983721,-0.6612679,-1.80774049,-1.28640056,-0.64370473,-1.89882763,-1.29627822,-0.62527783,-1.99439453,-1.30664161,-0.88081228,-1.01790484,-1.1244621,-1.26534836,-1.3680481,-1.11291355,-1.22777636,-1.31878471,-1.66004359,-0.86608448,-1.00705834,-1.11801758,-1.26700137,-1.37764161,-1.11419943,-1.23626188,-1.3339634,-1.72664192,-0.6254232132,-2.003072819,-1.316384509,-0.85777598,-1.00385184,-1.11972873,-1.27736265,-1.39638001,-1.12340799,-1.25350982,-1.35842817,-1.76354583,-1.66039997,-1.58954883,-1.53545274,-1.45920792
,3.60,-0.96614699,-1.61152569,-1.40172395,-0.66619904,-1.79823455,-1.28049311,-0.64842068,-1.88783862,-1.2898481,-0.62976809,-1.98184958,-1.29966319,-0.87686312,-1.0106704,-1.11525562,-1.25420332,-1.35596146,-1.10578034,-1.2188568,-1.30874229,-1.65176805,-0.86177452,-0.99929754,-1.10811847,-1.25489714,-1.36437262,-1.10633855,-1.22644192,-1.32287138,-1.71750829,-0.6299700526,-1.990649245,-1.309613748,-0.85312412,-0.99561713,-1.10920207,-1.26436446,-1.38198656,-1.11485543,-1.24283696,-1.34633885,-1.7540337,-1.65186852,-1.58172569,-1.52864745,-1.45095759
,,,,,,,,,,,,,,,,,,,,,,,,,,,,,,,,,,,,,,,,,,,,,,,
Diamond,,,,,,,,,,,,,,,,,,,,,,,,,,,,,,,,,,,,,,,,,,,,,,,
,GTH-cc-pVTZ,,,,,,,,,,,,,,,,,,,,,,,,,,,,,,,,,,,,,,,,,,,,,,
,kgrid (Ecorr),(3*3*3),,,(4*4*4),,,,,(5*5*5),,,,,,,,,,,,,,,,,,,,,,,,,,,,,,,,,,,,,
,Diamond E / Lat const (ang),HF,MP2,dRPA,HF,MP2,dRPA,kappa-MP2 (k = 1.45),BW-s2 (alpha = 0.5),HF,MP2,dRPA,kappa-MP2 (1.45),kappa-MP2 (1.1),sigma-MP2 (0.7),BW-s2 (alpha = 0.5),BW-s2 (alpha = 1),BW-s2 (alpha = 2),,,,,,,,,,,,,,,,,,,,,,,,,,,,,
,3.40,-11.0149160,-0.3095134,-0.3394732,-11.0223630,-0.3181572,-0.3435795,-0.3087612,-0.3103240,-11.0219941,-0.3216326,-0.3452319,-0.3116924,-0.2988107,-0.2879608,-0.3135059,-0.3062783,-0.2936768,,,,,,,,,,,,,,,,,,,,,,,,,,,,,
,3.45,-11.0222174,-0.3094828,-0.3392761,-11.0293104,-0.3177440,-0.3429159,-0.3076299,-0.3097669,-11.0288769,-0.3212264,-0.3446299,-0.3105454,-0.2970628,-0.2861514,-0.3129527,-0.3055683,-0.2928355,,,,,,,,,,,,,,,,,,,,,,,,,,,,,
,3.50,-11.0266736,-0.3092514,-0.3386617,-11.0334111,-0.3175294,-0.3424109,-0.3066472,-0.3093958,-11.0329525,-0.3211514,-0.3443576,-0.3096779,-0.2955753,-0.2846161,-0.3127126,-0.3052431,-0.2922722,,,,,,,,,,,,,,,,,,,,,,,,,,,,,
,3.52,-11.0277255,-0.3092063,-0.3384496,-11.0343276,-0.3174548,-0.3421846,-0.3062506,-0.3092566,-11.0338532,-0.3210611,-0.3441229,-0.3092558,-0.2949002,-0.2839286,-0.3125566,-0.3049908,-0.2919877,,,,,,,,,,,,,,,,,,,,,,,,,,,,,
,3.54,-11.0283838,-0.3091893,-0.3382570,-11.0348545,-0.3174382,-0.3420189,-0.3059031,-0.3091720,-11.0343648,-0.3210556,-0.3439961,-0.3089094,-0.2942960,-0.2833144,-0.3124815,-0.3048586,-0.2917752,,,,,,,,,,,,,,,,,,,,,,,,,,,,,
,3.56,-11.0286805,-0.3093995,-0.3383851,-11.0350075,-0.3175358,-0.3420116,-0.3056608,-0.3091972,-11.0345032,-0.3210235,-0.3438006,-0.3085273,-0.2936544,-0.2826664,-0.3123794,-0.3047026,-0.2915372,,,,,,,,,,,,,,,,,,,,,,,,,,,,,
,3.58,-11.0285973,-0.3094731,-0.3382900,-11.0348020,-0.3176693,-0.3420343,-0.3054449,-0.3092552,-11.0342882,-0.3211567,-0.3438256,-0.3083003,-0.2931629,-0.2821696,-0.3124354,-0.3046973,-0.2914417,,,,,,,,,,,,,,,,,,,,,,,,,,,,,
,3.60,-11.0281665,-0.3095374,-0.3381549,-11.0342527,-0.3177089,-0.3418851,-0.3051257,-0.3092216,-11.0337255,-0.3211833,-0.3436685,-0.3079574,-0.2925536,-0.2815600,-0.3123875,-0.3045879,-0.2912497,,,,,,,,,,,,,,,,,,,,,,,,,,,,,
,3.65,-11.0256615,-0.3100784,-0.3383024,-11.0314788,-0.3183296,-0.3421920,-0.3048051,-0.3096352,-11.0309188,-0.3215295,-0.3435927,-0.3073348,-0.2912504,-0.2802690,-0.3125315,-0.3045762,-0.2910010,,,,,,,,,,,,,,,,,,,,,,,,,,,,,
,3.70,-11.0212832,-0.3105232,-0.3381510,-11.0268420,-0.3187408,-0.3420258,-0.3042092,-0.3098375,-11.0262569,-0.3220678,-0.3436383,-0.3068365,-0.2900511,-0.2791027,-0.3128510,-0.3047252,-0.2908982,,,,,,,,,,,,,,,,,,,,,,,,,,,,,
,C Ghost E / Lat const (ang),HF,MP2,dRPA,kappa-MP2 (1.45),kappa-MP2 (1.1),sigma-MP2 (0.7),BW-s2 (alpha = 0.5),BW-s2 (alpha = 1),BW-s2 (alpha = 2),,,,,,,,,,,,,,,,,,,,,,,,,,,,,,,,,,,,,
,3.40,-5.3275298,-0.0715567,-0.1168528,-0.0704946,-0.0668398,-0.0626225,-0.0605354,-0.0695959,-0.0677738,,,,,,,,,,,,,,,,,,,,,,,,,,,,,,,,,,,,,
,3.45,-5.3275226,-0.0714397,-0.1165929,-0.0703800,-0.0667227,-0.0625054,-0.0604191,-0.0694835,-0.0676651,,,,,,,,,,,,,,,,,,,,,,,,,,,,,,,,,,,,,
,3.50,-5.3275152,-0.0713240,-0.1163370,-0.0702665,-0.0666068,-0.0623888,-0.0603036,-0.0693718,-0.0675571,,,,,,,,,,,,,,,,,,,,,,,,,,,,,,,,,,,,,
,3.52,-5.3275122,-0.0712783,-0.1162365,-0.0702217,-0.0665610,-0.0623424,-0.0602576,-0.0693274,-0.0675142,,,,,,,,,,,,,,,,,,,,,,,,,,,,,,,,,,,,,
,3.54,-5.3275091,-0.0712323,-0.1161351,-0.0701766,-0.0665149,-0.0622962,-0.0602117,-0.0692831,-0.0674713,,,,,,,,,,,,,,,,,,,,,,,,,,,,,,,,,,,,,
,3.56,-5.3275061,-0.0711863,-0.1160341,-0.0701316,-0.0664689,-0.0622501,-0.0601660,-0.0692389,-0.0674287,,,,,,,,,,,,,,,,,,,,,,,,,,,,,,,,,,,,,
,3.58,-5.3275030,-0.0711406,-0.1159339,-0.0700868,-0.0664231,-0.0622041,-0.0601204,-0.0691950,-0.0673861,,,,,,,,,,,,,,,,,,,,,,,,,,,,,,,,,,,,,
,3.60,-5.3274999,-0.0710950,-0.1158341,-0.0700422,-0.0663775,-0.0621584,-0.0600750,-0.0691512,-0.0673438,,,,,,,,,,,,,,,,,,,,,,,,,,,,,,,,,,,,,
,3.65,-5.3274922,-0.0709825,-0.1155883,-0.0699318,-0.0662648,-0.0620449,-0.0599625,-0.0690426,-0.0672389,,,,,,,,,,,,,,,,,,,,,,,,,,,,,,,,,,,,,
,3.70,-5.3274844,-0.0708711,-0.1153457,-0.0698227,-0.0661533,-0.0619330,-0.0598514,-0.0689356,-0.0671355,,,,,,,,,,,,,,,,,,,,,,,,,,,,,,,,,,,,,
,Ecoh (eV) / Lat const (ang),HF,MP2,dRPA,HF,MP2,dRPA,kappa-MP2 (k = 1.45),BW-s2 (alpha = 0.5),HF,MP2,dRPA,kappa-MP2 (1.45),kappa-MP2 (1.1),sigma-MP2 (0.7),BW-s2 (alpha = 0.5),BW-s2 (alpha = 1),BW-s2 (alpha = 2),,,,,,,,,,,,,,,,,,,,,,,,,,,,,
,3.40,-4.8960985,-7.1600869,-6.3351393,-4.9974211,-7.3790144,-6.492331,-7.3795282,-7.301339,-4.9924017,-7.4212802,-6.5097932,-7.4143898,-7.3538828,-7.2630578,-7.3396118,-7.2657297,-7.1438598,,,,,,,,,,,,,,,,,,,,,,,,,,,,,
,3.45,-4.9956343,-7.2623885,-6.4390677,-5.0921403,-7.4712941,-6.5850951,-7.4620404,-7.3915971,-5.0862416,-7.5127756,-6.6025163,-7.4958093,-7.4271297,-7.3354414,-7.4290427,-7.3529681,-7.2292109,,,,,,,,,,,,,,,,,,,,,,,,,,,,,
,3.50,-5.0564652,-7.3232211,-6.4985012,-5.1481333,-7.5275173,-6.6411797,-7.5078184,-7.4456291,-5.1418943,-7.5705586,-6.6614268,-7.5428151,-7.4657152,-7.3733504,-7.4845177,-7.4072349,-7.2801372,,,,,,,,,,,,,,,,,,,,,,,,,,,,,
,3.52,-5.0708596,-7.3382456,-6.5127467,-5.1606855,-7.5402983,-6.6533889,-7.516221,-7.4575053,-5.1542302,-7.5829085,-6.6733055,-7.5506529,-7.4701295,-7.3775842,-7.495949,-7.4173478,-7.2897728,,,,,,,,,,,,,,,,,,,,,,,,,,,,,
,3.54,-5.0798983,-7.3483051,-6.5219215,-5.1679368,-7.5485756,-6.6611437,-7.5199985,-7.4648334,-5.1612737,-7.5911296,-6.6813811,-7.5542384,-7.4702102,-7.37752,-7.5031985,-7.4237985,-7.2950897,,,,,,,,,,,,,,,,,,,,,,,,,,,,,
,3.56,-5.0840179,-7.3565347,-6.5305333,-5.1701019,-7.5533197,-6.6659589,-7.5201187,-7.4685673,-5.1632403,-7.5939107,-6.6834373,-7.5522574,-7.4647032,-7.3719141,-7.5050015,-7.4248445,-7.2949796,,,,,,,,,,,,,,,,,,,,,,,,,,,,,
,3.58,-5.0829699,-7.3577323,-6.5309188,-5.1673895,-7.5536671,-6.6662823,-7.5157149,-7.4678631,-5.160399,-7.5941256,-6.6836637,-7.5475735,-7.4564243,-3.5244389,-7.5041414,-7.4231268,-7.2919954,,,,,,,,,,,,,,,,,,,,,,,,,,,,,
,3.60,-5.0771927,-7.3540703,-6.5260167,-5.1599994,-7.5480549,-6.6595753,-7.5052226,-7.4612297,-5.1528264,-7.5881533,-6.6766677,-7.5365765,-7.4418068,-3.5181011,-7.497131,-7.4152574,-7.2829631,,,,,,,,,,,,,,,,,,,,,,,,,,,,,
,3.65,-5.0433220,-7.3306237,-6.5008442,-5.1224707,-7.5220346,-6.6329132,-7.4663997,-7.4323313,-5.1148511,-7.5579524,-6.6443515,-7.4931981,-7.389188,-3.4831882,-7.4641171,-7.3800757,-7.2444582,,,,,,,,,,,,,,,,,,,,,,,,,,,,,
,3.70,-4.9839620,-7.2803441,-6.4460238,-5.0595936,-7.4677816,-6.5743748,-7.3984481,-7.3751759,-5.0516333,-7.5050879,-6.5883532,-7.4262333,-7.3126977,-3.4229919,-7.4082165,-7.3217978,-7.1826561,,,,,,,,,,,,,,,,,,,,,,,,,,,,,
,GTH-cc-pVQZ,,,,,,,,,,,,,,,,,,,,,,,,,,,,,,,,,,,,,,,,,,,,,,
,kgrid (Ecorr),(3*3*3),,,(4*4*4),,,,,,,,,(5*5*5),,,,,,,,,,,,,,,,,,,,,,,,,,,,,,,,,
,Diamond E / Lat const (ang),HF,MP2,dRPA,HF,MP2,dRPA,kappa-MP2 (1.45),kappa-MP2 (1.1),sigma-MP2 (0.7),BW-s2 (alpha = 0.5),BW-s2 (alpha = 1),BW-s2 (alpha = 2),HF,MP2,dRPA,kappa-MP2 (1.45),kappa-MP2 (1.1),sigma-MP2 (0.7),BW-s2 (alpha = 0.5),BW-s2 (alpha = 1),BW-s2 (alpha = 2),,,,,,,,,,,,,,,,,,,,,,,,,
,3.40,-11.01618971,-0.32701100,-0.36795010,-11.02367015,-0.33546900,-0.37175679,-0.32605530,-0.31357440,-0.30275020,-0.32711460,-0.32073770,-0.30862020,-11.02330150,-0.33896420,-0.37340800,-0.32900510,-0.31609037,-0.30517584,-0.33030570,-0.32258246,-0.30927423,,,,,,,,,,,,,,,,,,,,,,,,,
,3.45,-11.02347626,-0.32652520,-0.36706690,-11.03057964,-0.33492120,-0.37087308,-0.32478940,-0.31171150,-0.30081080,-0.32641750,-0.31994680,-0.30767560,-11.03016350,-0.33840260,-0.37255640,-0.32770240,-0.31418662,-0.30320646,-0.32959230,-0.32174799,-0.30826569,,,,,,,,,,,,,,,,,,,,,,,,,
,3.50,-11.02791883,-0.32621060,-0.36630680,-11.03467097,-0.33460250,-0.37019159,-0.32370240,-0.31000640,-0.29904560,-0.32593580,-0.31934280,-0.30688750,-11.03420960,-0.33798240,-0.37176180,-0.32649020,-0.31235306,-0.30132392,-0.32900890,-0.32108864,-0.30736985,,,,,,,,,,,,,,,,,,,,,,,,,
,3.52,-11.02896511,-0.32613300,-0.36604490,-11.03558242,-0.33449710,-0.36990911,-0.32327490,-0.30932690,-0.29834680,-0.32576230,-0.31915120,-0.30660400,-11.03510480,-0.33786080,-0.37147100,-0.32603680,-0.31164591,-0.30060206,-0.32881860,-0.32079329,-0.30704730,,,,,,,,,,,,,,,,,,,,,,,,,
,3.54,-11.02961748,-0.32608420,-0.36578640,-11.03610371,-0.33442030,-0.36964622,-0.32286730,-0.30866340,-0.29766700,-0.32561570,-0.31893530,-0.30634230,-11.03561110,-0.33779240,-0.37123820,-0.32562740,-0.31097973,-0.29992398,-0.32867840,-0.32059733,-0.30676840,,,,,,,,,,,,,,,,,,,,,,,,,
,3.56,-11.02989172,-0.32606010,-0.36555490,-11.03625062,-0.33437250,-0.36940274,-0.32247950,-0.30801730,-0.29700760,-0.32549550,-0.31875420,-0.30607940,-11.03574330,-0.33773000,-0.37098710,-0.32521490,-0.31030686,-0.29924225,-0.32854280,-0.32040613,-0.30649025,,,,,,,,,,,,,,,,,,,,,,,,,
,3.58,-11.02980320,-0.32612500,-0.36544710,-11.03603904,-0.33439320,-0.36924501,-0.32215080,-0.30742580,-0.29640550,-0.32544070,-0.31864990,-0.30589670,-11.03551730,-0.33771770,-0.37078950,-0.32484280,-0.30967073,-0.29860026,-0.32845430,-0.32025780,-0.30625527,,,,,,,,,,,,,,,,,,,,,,,,,
,3.60,-11.02936808,-0.32627230,-0.36542800,-11.03548305,-0.33441750,-0.36906173,-0.32181590,-0.30682500,-0.29579740,-0.32538770,-0.31856090,-0.30571030,-11.03494740,-0.33772900,-0.37060110,-0.32448450,-0.30904497,-0.29797168,-0.32838710,-0.32012598,-0.30603679,,,,,,,,,,,,,,,,,,,,,,,,,
,3.65,-11.02684713,-0.32649190,-0.36505250,-11.03267784,-0.33459730,-0.36867641,-0.32105440,-0.30538460,-0.29435290,-0.32536460,-0.31838230,-0.30533290,-11.03211170,-0.33788950,-0.37021520,-0.32367590,-0.30755425,-0.29648840,-0.32834070,-0.31997885,-0.30559380,,,,,,,,,,,,,,,,,,,,,,,,,
,3.70,-11.02245179,-0.32698820,-0.36494760,-11.02802009,-0.33504900,-0.36854188,-0.32049770,-0.30412660,-0.29311060,-0.32559440,-0.31845540,-0.30516170,-11.02742920,-0.33838080,-0.37016590,-0.32312950,-0.30630349,-0.29526528,-0.32860320,-0.32006722,-0.30541852,,,,,,,,,,,,,,,,,,,,,,,,,
,C Ghost E / Lat const (ang),HF,MP2,dRPA,kappa-MP2 (1.45),kappa-MP2 (1.1),sigma-MP2 (0.7),BW-s2 (alpha = 0.5),BW-s2 (alpha = 1),BW-s2 (alpha = 2),,,,,,,,,,,,,,,,,,,,,,,,,,,,,,,,,,,,,
,3.40,-5.3276516,-0.0751715,-0.1251099,-0.0704475,-0.0662117,-0.0641046,-0.0740415,-0.0730727,-0.0711423,,,,,,,,,,,,,,,,,,,,,,,,,,,,,,,,,,,,,
,3.45,-5.3276459,-0.0751122,-0.1249717,-0.0703883,-0.0661523,-0.0640453,-0.0739834,-0.0730155,-0.0710870,,,,,,,,,,,,,,,,,,,,,,,,,,,,,,,,,,,,,
,3.50,-5.3276396,-0.0750521,-0.1248322,-0.0703283,-0.0660924,-0.0639854,-0.0739245,-0.0729577,-0.0710311,,,,,,,,,,,,,,,,,,,,,,,,,,,,,,,,,,,,,
,3.52,-5.3276369,-0.0750280,-0.1247771,-0.0703042,-0.0660682,-0.0639613,-0.0739009,-0.0729345,-0.0710086,,,,,,,,,,,,,,,,,,,,,,,,,,,,,,,,,,,,,
,3.54,-5.3276340,-0.0750037,-0.1247214,-0.0702800,-0.0660439,-0.0639370,-0.0738771,-0.0729111,-0.0709860,,,,,,,,,,,,,,,,,,,,,,,,,,,,,,,,,,,,,
,3.56,-5.3276311,-0.0749795,-0.1246659,-0.0702557,-0.0660195,-0.0639126,-0.0738533,-0.0728876,-0.0709633,,,,,,,,,,,,,,,,,,,,,,,,,,,,,,,,,,,,,
,3.58,-5.3276280,-0.0749549,-0.1246103,-0.0702313,-0.0659950,-0.0638881,-0.0738293,-0.0728640,-0.0709405,,,,,,,,,,,,,,,,,,,,,,,,,,,,,,,,,,,,,
,3.60,-5.3276248,-0.0749302,-0.1245542,-0.0702065,-0.0659703,-0.0638634,-0.0738050,-0.0728402,-0.0709175,,,,,,,,,,,,,,,,,,,,,,,,,,,,,,,,,,,,,
,3.65,-5.3276163,-0.0748679,-0.1244141,-0.0701443,-0.0659080,-0.0638012,-0.0737440,-0.0727803,-0.0708596,,,,,,,,,,,,,,,,,,,,,,,,,,,,,,,,,,,,,
,3.70,-5.3276073,-0.0748051,-0.1242738,-0.0700815,-0.0658448,-0.0637381,-0.0736824,-0.0727197,-0.0708009,,,,,,,,,,,,,TDL / CBS,,,,,,,,,,,,,,,,,,,,,,,,
,Ecoh (eV) / Lat const (ang),HF,MP2,dRPA,HF,MP2,dRPA,kappa-MP2 (1.45),kappa-MP2 (1.1),sigma-MP2 (0.7),BW-s2 (alpha = 0.5),BW-s2 (alpha = 1),BW-s2 (alpha = 2),HF,MP2,dRPA,kappa-MP2 (1.45),kappa-MP2 (1.1),sigma-MP2 (0.7),BW-s2 (alpha = 0.5),BW-s2 (alpha = 1),BW-s2 (alpha = 2),HF,MP2,dRPA,kappa-MP2 (1.45),kappa-MP2 (1.1),sigma-MP2 (0.7),BW-s2 (alpha = 0.5),BW-s2 (alpha = 1),BW-s2 (alpha = 2),,,,,,,,,,,,,,,,
,3.40,-4.9101136,-7.3138053,-6.5119170,-5.0118903,-7.5306591,-6.6654861,-7.5311253,-7.4765751,-7.3866418,-7.4477396,-7.3873392,-7.2750016,-5.0068745,-7.5731975,-6.6829367,-7.5662434,-7.5057912,-7.4146279,-7.4861414,-7.4074232,-7.2788838,-5.0199436,-7.7286865,-6.8403362,-7.7139007,-7.6472962,-7.5545955,-7.6333588,-7.5318929,-7.3814879,,,,,,,,,,,,,,,,
,3.45,-5.0094064,-7.4081008,-6.6029552,-5.1060528,-7.6189812,-6.7513869,-7.6096743,-7.5470082,-7.4560320,-7.5339986,-7.4722998,-7.3578194,-5.1003908,-7.6606861,-6.7686279,-7.6436459,-7.5750223,-7.4829649,-7.5715318,-7.4911437,-7.3601853,-5.1135469,-7.8123768,-6.9206461,-7.7871690,-7.7123357,-7.6188746,-7.7148895,-7.6117452,-7.4582434,,,,,,,,,,,,,,,,
,3.50,-5.0700223,-7.4660730,-6.6570233,-5.1618898,-7.6721181,-6.8017460,-7.6523557,-7.5812778,-7.4894815,-7.5848855,-7.5214888,-7.4044530,-5.1556121,-7.7118261,-6.8168325,-7.6840089,-7.6069275,-7.5142024,-7.6204199,-7.5389650,-7.4047375,-5.1687612,-7.8565740,-6.9608401,-7.8202521,-7.7368854,-7.6429230,-7.7568737,-7.6534280,-7.4959605,,,,,,,,,,,,,,,,
,3.52,-5.0843319,-7.4799823,-6.6692688,-5.1743649,-7.6838151,-6.8118773,-7.6596704,-7.5851645,-7.4931066,-7.5956431,-7.5319904,-7.4136832,-5.1678665,-7.7230825,-6.8266301,-7.6907494,-7.6102181,-7.5172923,-7.6307280,-7.5478341,-7.4132157,-5.1810665,-7.8665702,-6.9685277,-7.8255894,-7.7387307,-7.6446166,-7.7658906,-7.6596768,-7.5028052,,,,,,,,,,,,,,,,
,3.54,-5.0932852,-7.4889312,-6.6762197,-5.1815350,-7.6906005,-6.8169853,-7.6619535,-7.5839680,-7.4916879,-7.6014648,-7.5368596,-7.4179073,-5.1748329,-7.7297774,-6.8319428,-7.6928047,-7.6087815,-7.5156930,-7.6364334,-7.5527705,-7.4170027,-5.1880785,-7.8720564,-6.9722731,-7.8262891,-7.7359350,-7.6417076,-7.7703473,-7.6635786,-7.5050172,,,,,,,,,,,,,,,,
,3.56,-5.0970973,-7.4930770,-6.6783924,-5.1836145,-7.6926897,-6.8172627,-7.6594162,-7.5779216,-7.4854587,-7.6025572,-7.5371137,-7.4170282,-5.1767117,-7.7314682,-6.8319162,-7.6897305,-7.6021696,-7.5089601,-7.6371148,-7.5526873,-7.4157154,-5.1899936,-7.8725336,-6.9683944,-7.8218539,-7.7279234,-7.6336239,-7.7697790,-7.6623175,-7.5024426,,,,,,,,,,,,,,,,
,3.58,-5.0959768,-7.4935059,-6.6773192,-5.1808198,-7.6908442,-6.8138351,-7.6528161,-7.5677470,-7.4751395,-7.5996704,-7.5335432,-7.4123697,-5.1737209,-7.7289773,-6.8277497,-7.6823437,-7.5911917,-7.4979017,-7.6335732,-7.5483211,-7.4101489,-5.1869917,-7.8673911,-6.9601762,-7.8116693,-7.7141332,-7.6198218,-7.7635936,-7.6551838,-7.4940390,,,,,,,,,,,,,,,,
,3.60,-5.0901438,-7.4903521,-6.6727534,-5.1733422,-7.6843708,-6.8053914,-7.6414559,-7.5527671,-7.4600592,-7.5921327,-7.5255015,-7.4029799,-5.1660540,-7.7221385,-6.8190468,-7.6704751,-7.5756827,-7.4823536,-7.6256542,-7.5395069,-7.4001342,-5.1793507,-7.8595366,-6.9497449,-7.7986313,-7.6974186,-7.6031138,-7.7546115,-7.6448696,-7.4826518,,,,,,,,,,,,,,,,
,3.65,-5.0560743,-7.4609630,-6.6373880,-5.1354052,-7.6505740,-6.7660248,-7.5948491,-7.4969283,-7.4041629,-7.5555410,-7.4867645,-7.3614854,-5.1277029,-7.6876643,-6.7792587,-7.6228148,-7.5187450,-7.4255152,-7.5883299,-7.5007845,-7.3573322,-5.1409324,-7.8212334,-6.8999361,-7.7467410,-7.6361762,-7.5421051,-7.7133731,-7.6035788,-7.4353422,,,,,,,,,,,,,,,,
,3.70,-4.9965171,-7.4098686,-6.5802201,-5.0722777,-7.5953025,-6.7048830,-7.5258566,-7.4184033,-7.3258494,-7.4972159,-7.4262831,-7.2976239,-5.0642378,-7.6325941,-6.7189394,-7.5536236,-7.4399808,-7.3471252,-7.5301131,-7.4401725,-7.2930779,-5.0774557,-7.7647648,-6.8391802,-7.6757167,-7.5555017,-7.4619378,-7.6535797,-7.5411265,-7.3688864,,,,,,,,,,,,,,,,
,,,,,,,,,,,,,,,,,,,,,,,,,,,,,,,,,,,,,,,,,,,,,,,
Benzene Crystal,,,,,,,,,,,,,,,,,,,,,,,,,,,,,,,,,,,,,,,,,,,,,,,
,,GTH-cc-pVDZ,,,,,,,,,,GTH-cc-pVTZ,,GTH-cc-pVQZ,,,,,,,,,,,,,,,,,,,,,,,,,,,,,,,,,
,kgrid,HF,MP2,kappa-MP2 (1.45),kappa-MP2 (1.1),sigma-MP2 (0.7),BW-s2 (alpha = 0.5),BW-s2 (alpha = 1),BW-s2 (alpha = 2),BW-s2 (alpha = 3),BW-s2 (alpha = 4),HF,MP2,HF,MP2,,,,,,,,,,,,,,,,,,,,,,,,,,,,,,,,
,(1*1*1),-146.270560,-3.089966,-2.893903,-2.712488,-2.607487,-3.024077,-2.964590,-2.860040,-2.771599,-2.693754,-146.4307773,-3.862625954,-146.4460708,-4.075629422,,,,,,,,,,,,,,,,,,,,,,,,,,,,,,,,
,(2*2*2),-146.096452,-3.162060,-2.950125,-2.760562,-2.655450,-3.091164,-3.027624,-2.915519,-2.821348,-2.739255,-146.2568463,-3.94079693,-146.2719596,-4.15521936,,,,,,,,,,,,,,,,,,,,,,,,,,,,,,,,
,(3*3*3),-146.079226,-3.169080,-2.955292,-2.765116,-2.660026,,,,,,,,,,,,,,,,,,,,,,,,,,,,,,,,,,,,,,,,,
,TDL,-146.071738,-3.172229,-2.957879,-2.767270,-2.662161,-3.100618,-3.036477,-2.923315,-2.828325,-2.745625,,,,,,,,,,,,,,,,,,,,,,,,,,,,,,,,,,,,
,molecular,-36.525807,-0.766939,-0.716381,-0.670974,-0.645438,-0.750369,-0.735394,-0.709312,-0.686998,-0.667484,-36.56567188,-0.9562040616,-36.56925297,-1.008388806,,,,,,,,,,,,,,,,,,,,,,,,,,,,,,,,
,Ecoh (kJ/mol),HF,MP2,kappa-MP2 (1.45),kappa-MP2 (1.1),sigma-MP2 (0.7),BW-s2 (alpha = 0.5),BW-s2 (alpha = 1),BW-s2 (alpha = 2),BW-s2 (alpha = 3),BW-s2 (alpha = 4),,,,,,,,,,,,,,,,,,,,,,,,,,,,,,,,,,,,
,(1*1*1),-109.831496,-14.579203,-18.627383,-18.765673,-16.892159,-14.834265,-15.105515,-14.960499,-15.495123,-15.633953,,,,,,,,,,,,,,,,,,,,,,,,,,,,,,,,,,,,
,(2*2*2),4.448490,-61.899829,-55.530477,-50.320201,-48.373573,-58.868725,-56.479336,-51.375810,-48.149136,-45.499862,,,,,,,,,,,,,,,,,,,,,,,,,,,,,,,,,,,,
,(3*3*3),15.755259,-66.507792,-58.922049,-53.309730,-51.377413,,,,,,,,,,,,,,,,,,,,,,,,,,,,,,,,,,,,,,,,,
,TDL,20.670161,-68.574508,-60.620080,-54.723406,-52.778738,-65.073952,-62.290519,-56.492587,-52.728585,-49.681011,,,,,,,,,,,,,,,,,,,,,,,,,,,,,,,,,,,,
,DeltaCBS,-1.308136,-20.679708,,,,,,,,,,,,,,,,,,,,,,,,,,,,,,,,,,,,,,,,,,,,
,TDL/CBS,19.362025,-69.892192,-61.937763,-56.041089,-54.096422,-66.391635,-63.608202,-57.810271,-54.046268,-50.998694,,,,,,,,,,,,,,,,,,,,,,,,,,,,,,,,,,,,
,,,,,,,,,,,,,,,,,,,,,,,,,,,,,,,,,,,,,,,,,,,,,,,
Neon Crystal,,,,,,,,,,,,,,,,,,,,,,,,,,,,,,,,,,,,,,,,,,,,,,,
,GTH-cc-pVQZ,,,,,,,,,,,,,,,,,,,,,,,,,,,,,,,,,,,,,,,,,,,,,,
,kgrid (Ecorr),(4*4*4),,,,,,,(5*5*5),,,,,,,(6*6*6),TDL,,,,,,,,,,,,,,,,,,,,,,,,,,,,,,
,Lat const (ang),HF,MP2,dRPA,kappa-MP2 (1.45),BW-s2 (alpha = 0.5),BW-s2 (alpha = 1),BW-s2 (alpha = 2),HF,MP2,dRPA,kappa-MP2 (1.45),BW-s2 (alpha = 0.5),BW-s2 (alpha = 1),BW-s2 (alpha = 2),HF,HF,MP2,dRPA,kappa-MP2 (1.45),BW-s2 (alpha = 0.5),BW-s2 (alpha = 1),BW-s2 (alpha = 2),,,,,,,,,,,,,,,,,,,,,,,,
,4.00,-34.59796495,-0.2962782151,-0.3699250723,-0.2956687816,-0.2936883834,-0.2912101678,-0.2865558823,-34.59708398,-0.296387335,-0.3700493205,-0.29577725,-0.29357851,-0.2908952658,-0.28586855,-34.59669454,-34.59615964,-0.29650182,-0.37017968,-0.29589105,-0.29346322,-0.2905648768,-0.28514741,,,,,,,,,,,,,,,,,,,,,,,,
,4.10,-34.59835845,-0.2960034261,-0.3696268705,-0.2953856889,-0.2934170713,-0.2909426715,-0.2862951618,-34.59753902,-0.296081914,-0.3697069322,-0.29546365,-0.29327735,-0.2905985486,-0.28557926,-34.59717689,-34.59667936,-0.29616426,-0.36979093,-0.29554545,-0.29313076,-0.2902375016,-0.28482815,,,,,,,,,,,,,,,,,,,,,,,,
,4.20,-34.59861949,-0.2957476388,-0.3693249131,-0.2951234857,-0.2931648791,-0.2907030483,-0.2860617353,-34.59785625,-0.295824111,-0.3694056898,-0.29519947,-0.29302342,-0.2903576699,-0.28534546,-34.59751894,-34.59705553,-0.29590434,-0.36949044,-0.29527919,-0.292875,-0.2899953057,-0.28459396,,,,,,,,,,,,,,,,,,,,,,,,
,4.30,-34.59878644,-0.2955224112,-0.3690987263,-0.2948933649,-0.2929430783,-0.2904756197,-0.2858404188,-34.59807445,-0.295593189,-0.369174222,-0.29496371,-0.29279629,-0.2901253088,-0.28511999,-34.59775978,-34.59732749,-0.29566745,-0.36925343,-0.29503751,-0.29264228,-0.2897577695,-0.28436413,,,,,,,,,,,,,,,,,,,,,,,,
,4.40,-34.59888654,-0.2953146243,-0.3688676613,-0.2946818765,-0.2927386382,-0.2902741526,-0.2856447435,-34.59822138,-0.295380564,-0.3689387816,-0.29474742,-0.29258734,-0.2899198601,-0.28492096,-34.59792738,-34.59752352,-0.29544975,-0.36901340,-0.29481619,-0.2924286,-0.2895481434,-0.28416158,,,,,,,,,,,,,,,,,,,,,,,,
,4.50,-34.59893994,-0.2951314102,-0.3686646529,-0.2944958974,-0.2925583386,-0.2900968916,-0.2854726121,-34.59831763,-0.295193199,-0.3687321066,-0.29455732,-0.29240324,-0.2897390503,-0.28474612,-34.59804256,-34.59766472,-0.29525803,-0.36880288,-0.29462177,-0.29224051,-0.2893636102,-0.2839839,,,,,,,,,,,,,,,,,,,,,,,,
,4.60,-34.59896068,-0.2949724371,-0.3684885859,-0.2943348907,-0.2924020696,-0.2899430839,-0.2853235541,-34.59837769,-0.295030685,-0.368552922,-0.29439279,-0.29224404,-0.2895823356,-0.28459445,-34.59811998,-34.59776601,-0.29509180,-0.36862042,-0.29445353,-0.29207824,-0.2892038456,-0.28382949,,,,,,,,,,,,,,,,,,,,,,,,
,4.80,-34.59894317,-0.2947084313,-0.3681969895,-0.2940683623,-0.2921427125,-0.2896881582,-0.2850766621,-34.59842958,-0.294760614,-0.3682559743,-0.29412027,-0.29197884,-0.2893223400,-0.28434329,-34.59820255,-34.59789072,-0.29481536,-0.36831786,-0.29417472,-0.29180691,-0.2889385307,-0.28357385,,,,,,,,,,,,,,,,,,,,,,,,
,5.00,-34.59888604,-0.2945047557,-0.3679719878,-0.2938634805,-0.2919427043,-0.2894916934,-0.2848865486,-34.59843148,-0.294551865,-0.3680262886,-0.29391036,-0.29177422,-0.2891215854,-0.28414958,-34.59823058,-34.59795459,-0.29460129,-0.36808326,-0.29395954,-0.29159745,-0.2887332754,-0.28337637,,,,,,,,,,,,,,,,,,,,,,,,
,Ne Ghost E / Lat const (ang),HF,MP2,dRPA,kappa-MP2 (1.45),BW-s2 (alpha = 0.5),BW-s2 (alpha = 1),BW-s2 (alpha = 2),,,,,,,,,,,,,,,,,,,,,,,,,,,,,,,,,,,,,,,
,4.00,-34.59803125,-0.29432055,-0.36807141,-0.29368207,-0.29155348,-0.2889107364,-0.28395619,,,,,,,,,,,,,,,,,,,,,,,,,,,,,,,,,,,,,,,
,4.10,-34.59803096,-0.29427840,-0.36800061,-0.29363991,-0.29151183,-0.2888695313,-0.28391582,,,,,,,,,,,,,,,,,,,,,,,,,,,,,,,,,,,,,,,
,4.20,-34.5980306,-0.29423671,-0.36793093,-0.29359815,-0.29147060,-0.2888287413,-0.28387583,,,,,,,,,,,,,,,,,,,,,,,,,,,,,,,,,,,,,,,
,4.30,-34.59802993,-0.29419593,-0.36786293,-0.29355726,-0.29143026,-0.288788819,-0.28383666,,,,,,,,,,,,,,,,,,,,,,,,,,,,,,,,,,,,,,,
,4.40,-34.59802886,-0.29415693,-0.36779791,-0.29351810,-0.29139167,-0.2887506058,-0.28379914,,,,,,,,,,,,,,,,,,,,,,,,,,,,,,,,,,,,,,,
,4.50,-34.59802742,-0.29412050,-0.36773709,-0.29348148,-0.29135561,-0.2887148859,-0.28376405,,,,,,,,,,,,,,,,,,,,,,,,,,,,,,,,,,,,,,,
,4.60,-34.59802578,-0.29408718,-0.36768131,-0.29344794,-0.29132260,-0.2886821774,-0.28373189,,,,,,,,,,,,,,,,,,,,,,,,,,,,,,,,,,,,,,,
,4.80,-34.59802269,-0.29403024,-0.36758563,-0.29339061,-0.29126617,-0.2886262367,-0.28367684,,,,,,,,,,,,,,,,,,,,,,,,,,,,,,,,,,,,,,,
,5.00,-34.59802068,-0.29398458,-0.36750858,-0.29334468,-0.29122090,-0.2885813304,-0.28363261,,,,,,,,,,,,,,,,,,,,,,,,,,,,,,,,,,,,,,,
,Ecoh (meV) / Lat const (ang),,MP2,dRPA,kappa-MP2 (1.45),BW-s2 (alpha = 0.5),BW-s2 (alpha = 1),BW-s2 (alpha = 2),,MP2,dRPA,kappa-MP2 (1.45),BW-s2 (alpha = 0.5),BW-s2 (alpha = 1),BW-s2 (alpha = 2),,HF,MP2,dRPA,kappa-MP2 (1.45),BW-s2 (alpha = 0.5),BW-s2 (alpha = 1),BW-s2 (alpha = 2),,,,,,,,,,,,,,,,,,,,,,,,
,4.00,,-53.2708539,-50.4407008,-54.0610709,-58.0935852,-62.5707385,-70.7411743,,-56.2401595,-53.8216690,-57.0126231,-55.1036641,-54.0018163,-52.0379004,,50.9289987,-59.3554973,-57.3689130,-60.1093346,-51.9666955,-45.0114697,-32.4147997,,,,,,,,,,,,,,,,,,,,,,,,
,4.10,,-46.9402709,-44.2527594,-47.5051632,-51.8444106,-56.4130407,-64.7452934,,-49.0760415,-46.4313485,-49.6265119,-48.0423751,-47.0489752,-45.2647012,,36.7786917,-51.3168400,-48.7170850,-51.8523575,-44.0533537,-37.2243824,-24.8258512,,,,,,,,,,,,,,,,,,,,,,,,
,4.20,,-41.1145093,-37.9322669,-41.5065951,-46.1037643,-51.0025094,-59.4816425,,-43.1954252,-40.1303128,-43.5742099,-42.2544698,-41.6042797,-39.9909059,,26.5330242,-45.3786793,-42.4364607,-45.7435596,-38.2158562,-31.7438450,-19.5413742,,,,,,,,,,,,,,,,,,,,,,,,
,4.30,,-36.0953690,-33.6276772,-36.3573791,-41.1658595,-45.9002040,-54.5250826,,-38.0213227,-35.6820205,-38.2714424,-37.1714637,-36.3677544,-34.9212499,,19.1144466,-40.0420157,-37.8373973,-40.2796419,-32.9806230,-26.3664969,-14.3532109,,,,,,,,,,,,,,,,,,,,,,,,
,4.40,,-31.5024679,-29.1095391,-31.6680470,-36.6529657,-41.4578350,-50.2213442,,-33.2967865,-31.0448218,-33.4516000,-32.5360639,-31.8170428,-30.5260622,,13.7509144,-35.1793337,-33.0752806,-35.3228711,-28.2164191,-21.7021116,-9.8624110,,,,,,,,,,,,,,,,,,,,,,,,
,4.50,,-27.5081614,-25.2403799,-27.6037135,-32.7280549,-37.6063034,-46.4923512,,-29.1895192,-27.0758900,-29.2752411,-28.5075932,-27.8689432,-26.7235045,,9.8696550,-30.9535699,-29.0016693,-31.0289754,-24.0795930,-17.6526939,-5.9823835,,,,,,,,,,,,,,,,,,,,,,,,
,4.60,,-24.0891759,-21.9671392,-24.1350704,-29.3739673,-34.3110262,-43.3113386,,-25.6741727,-23.7178150,-25.7105241,-25.0737614,-24.4945624,-23.4713692,,7.0688051,-27.3371427,-25.5545895,-27.3634589,-20.5620711,-14.1953200,-2.6557211,,,,,,,,,,,,,,,,,,,,,,,,
,4.80,,-18.4545640,-16.6360247,-18.4425211,-23.8518805,-28.8963671,-38.0910936,,-19.8745224,-18.2410830,-19.8548704,-19.3927562,-18.9419432,-18.1349311,,3.5910879,-21.3643283,-19.9250795,-21.3366816,-14.7141761,-8.4979570,2.8025121,,,,,,,,,,,,,,,,,,,,,,,,
,5.00,,-14.1547732,-12.6099699,-14.1173163,-19.6413066,-24.7722478,-34.1214484,,-15.4366816,-14.0875704,-15.3929672,-15.0564965,-14.7010922,-14.0675350,,1.7984801,-16.7816381,-15.6378397,-16.7313541,-10.2464430,-4.1346357,6.9727003,,,,,,,,,,,,,,,,,,,,,,,,
,GTH-cc-pV5Z,,,,,,,,,,,,,,,,,,,,,,,,,,,,,,,,,,,,,,,,,,,,,,
,kgrid (Ecorr),(4*4*4),,,,,,,,,(5*5*5),,,,,,,,,(6*6*6),TDL,,,,,,,,,,,,,,,,,,,,,,,,,,
,Lat const (ang),HF,MP2,dRPA,kappa-MP2 (1.45),kappa-MP2 (1.1),sigma-MP2 (0.7),BW-s2 (alpha = 0.5),BW-s2 (alpha = 1),BW-s2 (alpha = 2),HF,MP2,dRPA,kappa-MP2 (1.45),kappa-MP2 (1.1),sigma-MP2 (0.7),BW-s2 (alpha = 0.5),BW-s2 (alpha = 1),BW-s2 (alpha = 2),HF,HF,MP2,dRPA,kappa-MP2 (1.45),kappa-MP2 (1.1),sigma-MP2 (0.7),BW-s2 (alpha = 0.5),BW-s2 (alpha = 1),BW-s2 (alpha = 2),,,,,,,,,,,,,,,,,,
,4.00,-34.59796819,-0.30951906,-0.39268358,-0.30890837,-0.30753417,-0.30489338,-0.30679632,-0.30419383,-0.29931157,-34.59708716,-0.30961624,-0.39279061,-0.30900494,-0.3076297,-0.3049873363,-0.30666359,-0.30384634,-0.29857427,-34.59669753,-34.59616259,-0.3097182,-0.3929029,-0.30910626,-0.3077299282,-0.3050859134,-0.30652433,-0.30348176,-0.29780071,,,,,,,,,,,,,,,,,,
,4.10,-34.59836055,-0.30928515,-0.3924577,-0.30866618,-0.30728499,-0.30464586,-0.30656586,-0.30396687,-0.29909086,-34.59754115,-0.30937419,-0.39255606,-0.3087547,-0.30737264,-0.3047320857,-0.30642531,-0.30361194,-0.29834692,-34.5971789,-34.59668139,-0.30946761,-0.39265926,-0.30884757,-0.3074646007,-0.304822552,-0.30627785,-0.30323955,-0.29756639,,,,,,,,,,,,,,,,,,
,4.20,-34.59862092,-0.30906765,-0.39224167,-0.30844229,-0.3070565,-0.30441976,-0.3063519,-0.30375621,-0.29888655,-34.59785774,-0.3091495,-0.39233249,-0.30852365,-0.30713705,-0.3044990427,-0.30620477,-0.30339488,-0.29813683,-34.59752044,-34.59705707,-0.30923538,-0.39242778,-0.30860901,-0.3072215615,-0.3045822245,-0.3060504,-0.30301578,-0.29735024,,,,,,,,,,,,,,,,,,
,4.30,-34.59878778,-0.30888145,-0.39206165,-0.3082512,-0.30686228,-0.30422825,-0.30616906,-0.30357633,-0.29871249,-34.59806074,-0.30896249,-0.3921561,-0.30833194,-0.30694225,-0.3043070341,-0.30602154,-0.3032157,-0.29796398,-34.59776028,-34.59731977,-0.30904752,-0.3922552,-0.30841665,-0.307026153,-0.3043896928,-0.30586629,-0.30283733,-0.29717866,,,,,,,,,,,,,,,,,,
,4.40,-34.59887808,-0.30872318,-0.39191541,-0.30808926,-0.30669832,-0.30406708,-0.30601359,-0.30342392,-0.29856535,-34.59822313,-0.30879091,-0.39198988,-0.30815648,-0.30676503,-0.3041328051,-0.30585296,-0.3030501,-0.29780449,-34.59792926,-34.59753141,-0.30886197,-0.39206801,-0.30822701,-0.3068350208,-0.3042017626,-0.30568443,-0.3026579,-0.29700621,,,,,,,,,,,,,,,,,,
,4.50,-34.59894187,-0.30857789,-0.39177711,-0.30794124,-0.30654933,-0.30392097,-0.30587108,-0.30328424,-0.29843063,-34.59831988,-0.30864195,-0.39184927,-0.30800513,-0.30661265,-0.3039834016,-0.30570848,-0.30290754,-0.29766737,-34.59804497,-34.59766732,-0.30870916,-0.39192498,-0.30807216,-0.3066790841,-0.3040489036,-0.30553788,-0.30251231,-0.29686657,,,,,,,,,,,,,,,,,,
,4.60,-34.59896301,-0.30845293,-0.39165961,-0.30781428,-0.30642193,-0.30379634,-0.30574875,-0.3031643,-0.29831515,-34.59838037,-0.30851269,-0.39172706,-0.30787374,-0.30648092,-0.3038545352,-0.30558117,-0.30278379,-0.29754861,-34.59812286,-34.5977691,-0.30857539,-0.39179783,-0.30793612,-0.3065428111,-0.3039155925,-0.30540535,-0.30238457,-0.29674437,,,,,,,,,,,,,,,,,,
,4.80,-34.59894587,-0.30824805,-0.39146978,-0.30760696,-0.30621494,-0.30359439,-0.30554829,-0.30296809,-0.29812653,-34.59843259,-0.30830025,-0.39152919,-0.3076589,-0.30626648,-0.3036452623,-0.30537357,-0.30258095,-0.29735418,-34.59820577,-34.59789413,-0.30835502,-0.39159152,-0.30771339,-0.3063205548,-0.3036986365,-0.30519026,-0.30217477,-0.29654385,,,,,,,,,,,,,,,,,,
,5.00,-34.59888843,-0.30809296,-0.39132837,-0.30745071,-0.30605976,-0.30344342,-0.30539701,-0.30281988,-0.29798437,-34.5984341,-0.30813878,-0.39138105,-0.30749614,-0.30610517,-0.3034882517,-0.30521621,-0.3024273,-0.29720722,-34.59823334,-34.59795749,-0.30818685,-0.39143632,-0.3075438,-0.3061528133,-0.3035352882,-0.30502652,-0.30201541,-0.29639185,,,,,,,,,,,,,,,,,,
,Ne Ghost E / Lat const (ang),HF,MP2,dRPA,kappa-MP2 (1.45),kappa-MP2 (1.1),sigma-MP2 (0.7),BW-s2 (alpha = 0.5),BW-s2 (alpha = 1),BW-s2 (alpha = 2),,,,,,,,,,,,,,,,,,,,,,,,,,,,,,,,,,,,,
,4.00,-34.59803472,-0.30773144,-0.39116448,-0.3070923,-0.30570886,-0.30310625,-0.30482159,-0.30204521,-0.29684686,,,,,,,,,,,,,,,,,,,,,,,,,,,,,,,,,,,,,
,4.10,-34.59803366,-0.30771481,-0.3911329,-0.30707565,-0.30569245,-0.30308992,-0.30480514,-0.30202893,-0.29683092,,,,,,,,,,,,,,,,,,,,,,,,,,,,,,,,,,,,,
,4.20,-34.59803312,-0.30769995,-0.39110501,-0.30706078,-0.30567797,-0.30307557,-0.30479054,-0.30201452,-0.29681682,,,,,,,,,,,,,,,,,,,,,,,,,,,,,,,,,,,,,
,4.30,-34.59803289,-0.30768668,-0.39108014,-0.30704746,-0.30566485,-0.30306266,-0.30477732,-0.30200146,-0.29680407,,,,,,,,,,,,,,,,,,,,,,,,,,,,,,,,,,,,,
,4.40,-34.59803258,-0.30767456,-0.39105782,-0.30703525,-0.30565303,-0.3030511,-0.30476545,-0.30198974,-0.29679261,,,,,,,,,,,,,,,,,,,,,,,,,,,,,,,,,,,,,
,4.50,-34.59803208,-0.30766377,-0.3910381,-0.30702434,-0.30564243,-0.3030408,-0.30475485,-0.30197928,-0.29678239,,,,,,,,,,,,,,,,,,,,,,,,,,,,,,,,,,,,,
,4.60,-34.59803114,-0.30765421,-0.39102073,-0.30701463,-0.30563296,-0.30303165,-0.30474546,-0.30197002,-0.29677335,,,,,,,,,,,,,,,,,,,,,,,,,,,,,,,,,,,,,
,4.80,-34.59802815,-0.30763879,-0.3909922,-0.30699882,-0.30561721,-0.30301649,-0.30473013,-0.30195485,-0.29675851,,,,,,,,,,,,,,,,,,,,,,,,,,,,,,,,,,,,,
,5.00,-34.59802465,-0.30762778,-0.39097122,-0.30698744,-0.3056058,-0.30300548,-0.3047192,-0.30194404,-0.29674789,,,,,,,,,,,,,,,,,,,,CBS/TDL,,,,,,,,,,,,,,,,,
,Ecoh (meV) / Lat const (ang),,MP2,dRPA,kappa-MP2 (1.45),kappa-MP2 (1.1),sigma-MP2 (0.7),BW-s2 (alpha = 0.5),BW-s2 (alpha = 1),BW-s2 (alpha = 2),,MP2,dRPA,kappa-MP2 (1.45),kappa-MP2 (1.1),sigma-MP2 (0.7),BW-s2 (alpha = 0.5),BW-s2 (alpha = 1),BW-s2 (alpha = 2),,HF,MP2,dRPA,kappa-MP2 (1.45),kappa-MP2 (1.1),sigma-MP2 (0.7),BW-s2 (alpha = 0.5),BW-s2 (alpha = 1),BW-s2 (alpha = 2),HF,MP2,dRPA,kappa-MP2 (1.45),kappa-MP2 (1.1),sigma-MP2 (0.7),BW-s2 (alpha = 0.5),BW-s2 (alpha = 1),BW-s2 (alpha = 2),,,,,,,,,
,4.00,,-48.6435788,-41.3370714,-49.4178888,-49.6692253,-48.6304711,-53.7353372,-58.4669594,-67.0682383,,-51.2880285,-44.249353,-52.0457645,-52.2687354,-51.1870906,-50.123539,-49.0111398,-47.005276,,50.9433581,-54.062546,-47.3050557,-54.802696,-54.9959649,-53.8695111,-46.3340807,-39.0905487,-25.9556093,50.944101,-48.5093178,-36.7457414,-49.2349097,-49.4281786,-48.3017248,-40.4241535,-32.8784007,-19.1787553,,,,,,,,,
,4.10,,-42.7309447,-36.0495445,-43.2804509,-43.3351688,-42.3391119,-47.9116044,-52.7341603,-61.4962228,,-45.154052,-38.7262582,-45.68925,-45.7201578,-44.6855152,-44.0869917,-43.0759043,-41.2525768,,36.7973533,-47.6960345,-41.5343131,-48.2163789,-48.2225695,-47.1472296,-40.0743755,-32.9428874,-20.013342,36.8362248,-43.8973181,-33.998419,-44.4016106,-44.4078012,-43.3324612,-35.899965,-27.6340218,-14.1475287,,,,,,,,,
,4.20,,-37.2169666,-30.9300671,-37.5929488,-37.5117096,-36.5772457,-42.4868736,-47.3938212,-56.3203463,,-39.4441568,-33.4013426,-39.806959,-39.7035141,-38.734655,-38.4831864,-37.5615274,-35.9194184,,26.5597376,-41.7809463,-35.9943042,-42.1296549,-42.0032471,-40.9981479,-34.2826747,-27.245679,-14.5151655,26.5641595,-38.0069271,-29.2355703,-38.3378176,-38.2114098,-37.2063106,-30.1559821,-22.5262985,-9.2416949,,,,,,,,,
,4.30,,-32.5113434,-26.7081477,-32.7556024,-32.5837176,-31.7174401,-37.8711884,-42.8543653,-51.9307726,,-34.7166339,-29.2781783,-34.952638,-34.7597313,-33.8611865,-33.8569633,-33.041171,-31.5626893,,19.4050017,-37.0302992,-31.9747646,-37.2577293,-37.042947,-36.1104451,-29.6323124,-22.7453012,-10.1930625,19.4538979,-33.875497,-25.8242843,-34.0918657,-33.8770834,-32.9445815,-26.1193565,-18.9457876,-5.8284443,,,,,,,,,
,4.40,,-28.5345951,-23.3362927,-28.6810099,-28.4436778,-27.6461635,-33.9638169,-39.0260401,-48.2387966,,-30.3775618,-25.3627199,-30.5103076,-30.258833,-29.4345726,-29.5927987,-28.8539967,-27.534731,,13.6376959,-32.3112308,-27.4888027,-32.4293555,-32.163492,-31.3110025,-25.0068676,-18.1814413,-5.8124395,13.6184929,-29.301664,-21.6274353,-29.3937664,-29.1279029,-28.2754134,-21.6392968,-14.4878779,-1.5630226,,,,,,,,,
,4.50,,-24.8747318,-20.1095199,-24.9501796,-24.6780859,-23.9505756,-30.3742638,-35.5098189,-44.8509269,,-26.6177632,-22.0730158,-26.6886219,-26.4009428,-25.6495028,-25.9496908,-25.2592604,-24.0815027,,9.9256778,-28.4466547,-24.1332539,-28.5127267,-28.2088054,-27.4319037,-21.3075164,-14.5046293,-2.2906818,9.9350358,-25.8159549,-19.0254245,-25.872658,-25.5687367,-24.791835,-18.3989855,-11.2014569,1.5826774,,,,,,,,,
,4.60,,-21.7342025,-17.3849843,-21.7596995,-21.4691058,-20.8084403,-27.3006719,-32.4981432,-41.9546394,,-23.3603134,-19.2202901,-23.3778112,-23.0742299,-22.3918987,-22.7407161,-22.1439877,-21.0960344,,7.1303001,-25.0665694,-21.1459324,-25.0752471,-24.7583377,-24.0533531,-17.9563649,-11.2805033,0.788442,7.1408391,-22.6844103,-16.5206454,-22.6740019,-22.3570926,-21.6521079,-15.2228958,-8.2222934,4.4024039,,,,,,,,,
,4.80,,-16.5789621,-12.9957801,-16.5482495,-16.2649481,-15.7253543,-22.2632786,-27.5716805,-37.225696,,-17.9993208,-14.6121627,-17.9617752,-17.6674561,-17.1097232,-17.5089034,-17.0369676,-16.2089263,,3.6470781,-19.4896319,-16.308421,-19.4446052,-19.1388987,-18.5621096,-12.5207062,-5.9843438,5.8413561,3.6563245,-17.5228302,-12.5137973,-17.4591039,-17.1533974,-16.5766084,-10.2193895,-3.3470834,9.0293372,,,,,,,,,
,5.00,,-12.6583114,-9.7187461,-12.6062574,-12.3528636,-11.9168636,-18.4440421,-23.8329121,-33.6463443,,-13.9051078,-11.1519854,-13.8424644,-13.5885549,-13.1368811,-13.5242217,-13.1502622,-12.4988932,,1.8275772,-15.2132521,-12.6561129,-15.1394766,-14.8850691,-14.4168099,-8.362443,-1.9422364,9.6883619,1.8324018,-13.5674742,-9.5275479,-13.4691785,-13.214771,-12.7465118,-6.3861147,0.3583115,12.5376018,,,,,,,,,